{"cameraMode":{"drawMode":0,"name":"Shaded","section":"Shading Mode"},"sceneLighting":true,"audioPlay":false,"sceneViewState":{"showFog":true,"showMaterialUpdate":false,"showSkybox":true,"showFlares":true,"showImageEffects":true,"showParticleSystems":true},"in2DMode":false,"pivot":{"x":0.7704182863235474,"y":6.733330249786377,"z":3.465343475341797},"rotation":{"x":-0.1605212390422821,"y":0.739933431148529,"z":-0.19003623723983766,"w":-0.6249942183494568},"size":12.574596405029297,"orthographic":true}